U_In-5p,U_Sb-5p,a(A),Eg(eV),meff
-5.0,4.56,6.6186086571708875,0.23854248996886515,0.01770051411413621
