U_Ga-4p,U_Sb-5p,a(A),Eg(eV),meff
-5.0,6.55,6.175481168734932,0.810324246195476,0.12971136271355593
-4.99,6.55,6.175135569163173,0.8117449992958581,0.12979923383317496
-4.98,6.55,6.174790282757701,0.8131652455173431,0.12988712535525543
