U_Ga-4p,U_As-4p,a(A),Eg(eV),meff
-5.0,6.34,5.712310516400869,1.5188504055765737,0.07249161277888366
-5.0,6.33,5.712567901635232,1.5154721254221577,0.07236201547220451
-5.0,6.32,5.712824572313957,1.5120973036721985,0.07223246460268393
-5.0,6.31,5.713081477180334,1.5087223265395753,0.07210282959381052
